Ref:ContactId:Contact,Ref:AccountId:Account,Roles,IsActive
CE-CON-00001,CE-ACC-00038,Board Member,TRUE
CE-CON-00003,CE-ACC-00039,Advisor,TRUE
CE-CON-00005,CE-ACC-00040,Grant Reviewer,TRUE
CE-CON-00007,CE-ACC-00041,Volunteer Lead,TRUE
CE-CON-00009,CE-ACC-00042,Board Member,TRUE
CE-CON-00011,CE-ACC-00043,Advisor,TRUE
CE-CON-00013,CE-ACC-00044,Grant Reviewer,TRUE
CE-CON-00015,CE-ACC-00045,Volunteer Lead,TRUE
CE-CON-00017,CE-ACC-00046,Board Member,TRUE
CE-CON-00019,CE-ACC-00047,Advisor,TRUE
CE-CON-00021,CE-ACC-00048,Grant Reviewer,TRUE
CE-CON-00023,CE-ACC-00049,Volunteer Lead,TRUE
CE-CON-00025,CE-ACC-00050,Board Member,TRUE
CE-CON-00027,CE-ACC-00051,Advisor,TRUE
CE-CON-00029,CE-ACC-00052,Grant Reviewer,TRUE
CE-CON-00031,CE-ACC-00053,Volunteer Lead,TRUE
CE-CON-00033,CE-ACC-00054,Board Member,TRUE
CE-CON-00035,CE-ACC-00055,Advisor,TRUE
CE-CON-00037,CE-ACC-00056,Grant Reviewer,TRUE
CE-CON-00039,CE-ACC-00057,Volunteer Lead,TRUE
CE-CON-00041,CE-ACC-00058,Board Member,TRUE
CE-CON-00043,CE-ACC-00059,Advisor,TRUE
CE-CON-00045,CE-ACC-00060,Grant Reviewer,TRUE
CE-CON-00047,CE-ACC-00061,Volunteer Lead,TRUE
CE-CON-00049,CE-ACC-00062,Board Member,TRUE
CE-CON-00051,CE-ACC-00063,Advisor,TRUE
CE-CON-00053,CE-ACC-00064,Grant Reviewer,TRUE
CE-CON-00055,CE-ACC-00065,Volunteer Lead,TRUE
CE-CON-00057,CE-ACC-00066,Board Member,TRUE
CE-CON-00059,CE-ACC-00067,Advisor,TRUE
CE-CON-00061,CE-ACC-00068,Grant Reviewer,TRUE
CE-CON-00063,CE-ACC-00069,Volunteer Lead,TRUE
CE-CON-00065,CE-ACC-00070,Board Member,TRUE
CE-CON-00067,CE-ACC-00071,Advisor,TRUE
CE-CON-00069,CE-ACC-00072,Grant Reviewer,TRUE
CE-CON-00071,CE-ACC-00073,Volunteer Lead,TRUE
CE-CON-00073,CE-ACC-00074,Board Member,TRUE
CE-CON-00075,CE-ACC-00076,Advisor,TRUE
CE-CON-00077,CE-ACC-00076,Grant Reviewer,TRUE
CE-CON-00079,CE-ACC-00077,Volunteer Lead,TRUE
CE-CON-00081,CE-ACC-00078,Board Member,TRUE
CE-CON-00083,CE-ACC-00079,Advisor,TRUE
CE-CON-00085,CE-ACC-00080,Grant Reviewer,TRUE
CE-CON-00087,CE-ACC-00081,Volunteer Lead,TRUE
CE-CON-00089,CE-ACC-00082,Board Member,TRUE
CE-CON-00091,CE-ACC-00083,Advisor,TRUE
CE-CON-00093,CE-ACC-00084,Grant Reviewer,TRUE
CE-CON-00095,CE-ACC-00085,Volunteer Lead,TRUE
CE-CON-00097,CE-ACC-00086,Board Member,TRUE
CE-CON-00099,CE-ACC-00087,Advisor,TRUE
CE-CON-00101,CE-ACC-00088,Grant Reviewer,TRUE
CE-CON-00103,CE-ACC-00089,Volunteer Lead,TRUE
CE-CON-00105,CE-ACC-00090,Board Member,TRUE
CE-CON-00107,CE-ACC-00091,Advisor,TRUE
CE-CON-00109,CE-ACC-00092,Grant Reviewer,TRUE
CE-CON-00111,CE-ACC-00093,Volunteer Lead,TRUE
CE-CON-00113,CE-ACC-00094,Board Member,TRUE
CE-CON-00115,CE-ACC-00095,Advisor,TRUE
CE-CON-00117,CE-ACC-00096,Grant Reviewer,TRUE
CE-CON-00119,CE-ACC-00097,Volunteer Lead,TRUE
CE-CON-00121,CE-ACC-00098,Board Member,TRUE
CE-CON-00123,CE-ACC-00099,Advisor,TRUE
CE-CON-00125,CE-ACC-00100,Grant Reviewer,TRUE
CE-CON-00127,CE-ACC-00101,Volunteer Lead,TRUE
CE-CON-00129,CE-ACC-00102,Board Member,TRUE
CE-CON-00131,CE-ACC-00103,Advisor,TRUE
CE-CON-00133,CE-ACC-00104,Grant Reviewer,TRUE
CE-CON-00135,CE-ACC-00105,Volunteer Lead,TRUE
CE-CON-00137,CE-ACC-00106,Board Member,TRUE
CE-CON-00139,CE-ACC-00107,Advisor,TRUE
CE-CON-00141,CE-ACC-00108,Grant Reviewer,TRUE
CE-CON-00143,CE-ACC-00109,Volunteer Lead,TRUE
CE-CON-00145,CE-ACC-00110,Board Member,TRUE
CE-CON-00147,CE-ACC-00111,Advisor,TRUE
CE-CON-00149,CE-ACC-00112,Grant Reviewer,TRUE
CE-CON-00151,CE-ACC-00113,Volunteer Lead,TRUE
CE-CON-00153,CE-ACC-00114,Board Member,TRUE
CE-CON-00155,CE-ACC-00115,Advisor,TRUE
CE-CON-00157,CE-ACC-00116,Grant Reviewer,TRUE
CE-CON-00159,CE-ACC-00117,Volunteer Lead,TRUE
CE-CON-00161,CE-ACC-00118,Board Member,TRUE
CE-CON-00163,CE-ACC-00119,Advisor,TRUE
CE-CON-00165,CE-ACC-00120,Grant Reviewer,TRUE
CE-CON-00167,CE-ACC-00121,Volunteer Lead,TRUE
CE-CON-00169,CE-ACC-00122,Board Member,TRUE
CE-CON-00171,CE-ACC-00123,Advisor,TRUE
CE-CON-00173,CE-ACC-00124,Grant Reviewer,TRUE
CE-CON-00175,CE-ACC-00125,Volunteer Lead,TRUE
CE-CON-00177,CE-ACC-00126,Board Member,TRUE
CE-CON-00179,CE-ACC-00127,Advisor,TRUE
CE-CON-00181,CE-ACC-00128,Grant Reviewer,TRUE
CE-CON-00183,CE-ACC-00129,Volunteer Lead,TRUE
CE-CON-00185,CE-ACC-00130,Board Member,TRUE
CE-CON-00187,CE-ACC-00131,Advisor,TRUE
CE-CON-00189,CE-ACC-00132,Grant Reviewer,TRUE
CE-CON-00191,CE-ACC-00133,Volunteer Lead,TRUE
CE-CON-00193,CE-ACC-00134,Board Member,TRUE
CE-CON-00195,CE-ACC-00135,Advisor,TRUE
CE-CON-00197,CE-ACC-00136,Grant Reviewer,TRUE
CE-CON-00199,CE-ACC-00137,Volunteer Lead,TRUE
CE-CON-00201,CE-ACC-00138,Board Member,TRUE
CE-CON-00203,CE-ACC-00139,Advisor,TRUE
CE-CON-00205,CE-ACC-00140,Grant Reviewer,TRUE
CE-CON-00207,CE-ACC-00141,Volunteer Lead,TRUE
CE-CON-00209,CE-ACC-00142,Board Member,TRUE
CE-CON-00211,CE-ACC-00143,Advisor,TRUE
CE-CON-00213,CE-ACC-00144,Grant Reviewer,TRUE
CE-CON-00215,CE-ACC-00145,Volunteer Lead,TRUE
CE-CON-00217,CE-ACC-00146,Board Member,TRUE
CE-CON-00219,CE-ACC-00147,Advisor,TRUE
CE-CON-00221,CE-ACC-00148,Grant Reviewer,TRUE
CE-CON-00223,CE-ACC-00149,Volunteer Lead,TRUE
CE-CON-00225,CE-ACC-00150,Board Member,TRUE
CE-CON-00227,CE-ACC-00151,Advisor,TRUE
CE-CON-00229,CE-ACC-00152,Grant Reviewer,TRUE
CE-CON-00231,CE-ACC-00153,Volunteer Lead,TRUE
CE-CON-00233,CE-ACC-00154,Board Member,TRUE
CE-CON-00235,CE-ACC-00155,Advisor,TRUE
CE-CON-00237,CE-ACC-00156,Grant Reviewer,TRUE
CE-CON-00239,CE-ACC-00157,Volunteer Lead,TRUE
CE-CON-00241,CE-ACC-00158,Board Member,TRUE
CE-CON-00243,CE-ACC-00159,Advisor,TRUE
CE-CON-00245,CE-ACC-00160,Grant Reviewer,TRUE
CE-CON-00247,CE-ACC-00161,Volunteer Lead,TRUE
CE-CON-00249,CE-ACC-00162,Board Member,TRUE
CE-CON-00251,CE-ACC-00163,Advisor,TRUE
CE-CON-00253,CE-ACC-00164,Grant Reviewer,TRUE
CE-CON-00255,CE-ACC-00165,Volunteer Lead,TRUE
CE-CON-00257,CE-ACC-00166,Board Member,TRUE
CE-CON-00259,CE-ACC-00167,Advisor,TRUE
CE-CON-00261,CE-ACC-00168,Grant Reviewer,TRUE
CE-CON-00263,CE-ACC-00169,Volunteer Lead,TRUE
CE-CON-00265,CE-ACC-00170,Board Member,TRUE
CE-CON-00267,CE-ACC-00171,Advisor,TRUE
CE-CON-00269,CE-ACC-00172,Grant Reviewer,TRUE
CE-CON-00271,CE-ACC-00173,Volunteer Lead,TRUE
CE-CON-00273,CE-ACC-00174,Board Member,TRUE
CE-CON-00275,CE-ACC-00175,Advisor,TRUE
CE-CON-00277,CE-ACC-00176,Grant Reviewer,TRUE
CE-CON-00279,CE-ACC-00177,Volunteer Lead,TRUE
CE-CON-00281,CE-ACC-00178,Board Member,TRUE
CE-CON-00283,CE-ACC-00179,Advisor,TRUE
CE-CON-00285,CE-ACC-00180,Grant Reviewer,TRUE
CE-CON-00287,CE-ACC-00181,Volunteer Lead,TRUE
CE-CON-00289,CE-ACC-00182,Board Member,TRUE
CE-CON-00291,CE-ACC-00183,Advisor,TRUE
CE-CON-00293,CE-ACC-00184,Grant Reviewer,TRUE
CE-CON-00295,CE-ACC-00185,Volunteer Lead,TRUE
CE-CON-00297,CE-ACC-00186,Board Member,TRUE
CE-CON-00299,CE-ACC-00187,Advisor,TRUE
CE-CON-00301,CE-ACC-00188,Grant Reviewer,TRUE
CE-CON-00303,CE-ACC-00189,Volunteer Lead,TRUE
CE-CON-00305,CE-ACC-00190,Board Member,TRUE
CE-CON-00307,CE-ACC-00191,Advisor,TRUE
CE-CON-00309,CE-ACC-00192,Grant Reviewer,TRUE
CE-CON-00311,CE-ACC-00193,Volunteer Lead,TRUE
CE-CON-00313,CE-ACC-00194,Board Member,TRUE
CE-CON-00315,CE-ACC-00195,Advisor,TRUE
CE-CON-00317,CE-ACC-00196,Grant Reviewer,TRUE
CE-CON-00319,CE-ACC-00197,Volunteer Lead,TRUE
CE-CON-00321,CE-ACC-00198,Board Member,TRUE
CE-CON-00323,CE-ACC-00199,Advisor,TRUE
CE-CON-00325,CE-ACC-00200,Grant Reviewer,TRUE
CE-CON-00327,CE-ACC-00201,Volunteer Lead,TRUE
CE-CON-00329,CE-ACC-00202,Board Member,TRUE
CE-CON-00331,CE-ACC-00203,Advisor,TRUE
CE-CON-00333,CE-ACC-00204,Grant Reviewer,TRUE
CE-CON-00335,CE-ACC-00205,Volunteer Lead,TRUE
CE-CON-00337,CE-ACC-00206,Board Member,TRUE
CE-CON-00339,CE-ACC-00207,Advisor,TRUE
CE-CON-00341,CE-ACC-00208,Grant Reviewer,TRUE
CE-CON-00343,CE-ACC-00209,Volunteer Lead,TRUE
CE-CON-00345,CE-ACC-00210,Board Member,TRUE
CE-CON-00347,CE-ACC-00211,Advisor,TRUE
CE-CON-00349,CE-ACC-00212,Grant Reviewer,TRUE
CE-CON-00351,CE-ACC-00213,Volunteer Lead,TRUE
CE-CON-00353,CE-ACC-00214,Board Member,TRUE
CE-CON-00355,CE-ACC-00215,Advisor,TRUE
CE-CON-00357,CE-ACC-00216,Grant Reviewer,TRUE
CE-CON-00359,CE-ACC-00217,Volunteer Lead,TRUE
CE-CON-00361,CE-ACC-00218,Board Member,TRUE
CE-CON-00363,CE-ACC-00219,Advisor,TRUE
CE-CON-00365,CE-ACC-00220,Grant Reviewer,TRUE
CE-CON-00367,CE-ACC-00221,Volunteer Lead,TRUE
CE-CON-00369,CE-ACC-00222,Board Member,TRUE
CE-CON-00371,CE-ACC-00223,Advisor,TRUE
CE-CON-00373,CE-ACC-00224,Grant Reviewer,TRUE
CE-CON-00375,CE-ACC-00225,Volunteer Lead,TRUE
CE-CON-00377,CE-ACC-00226,Board Member,TRUE
CE-CON-00379,CE-ACC-00227,Advisor,TRUE
CE-CON-00381,CE-ACC-00228,Grant Reviewer,TRUE
CE-CON-00383,CE-ACC-00229,Volunteer Lead,TRUE
CE-CON-00385,CE-ACC-00230,Board Member,TRUE
CE-CON-00387,CE-ACC-00231,Advisor,TRUE
CE-CON-00389,CE-ACC-00232,Grant Reviewer,TRUE
CE-CON-00391,CE-ACC-00233,Volunteer Lead,TRUE
CE-CON-00393,CE-ACC-00234,Board Member,TRUE
CE-CON-00395,CE-ACC-00235,Advisor,TRUE
CE-CON-00397,CE-ACC-00236,Grant Reviewer,TRUE
CE-CON-00399,CE-ACC-00237,Volunteer Lead,TRUE
CE-CON-00401,CE-ACC-00238,Board Member,TRUE
CE-CON-00403,CE-ACC-00239,Advisor,TRUE
CE-CON-00405,CE-ACC-00240,Grant Reviewer,TRUE
CE-CON-00407,CE-ACC-00241,Volunteer Lead,TRUE
CE-CON-00409,CE-ACC-00242,Board Member,TRUE
CE-CON-00411,CE-ACC-00243,Advisor,TRUE
CE-CON-00413,CE-ACC-00244,Grant Reviewer,TRUE
CE-CON-00415,CE-ACC-00245,Volunteer Lead,TRUE
CE-CON-00417,CE-ACC-00246,Board Member,TRUE
CE-CON-00419,CE-ACC-00247,Advisor,TRUE
CE-CON-00421,CE-ACC-00248,Grant Reviewer,TRUE
CE-CON-00423,CE-ACC-00249,Volunteer Lead,TRUE
CE-CON-00425,CE-ACC-00250,Board Member,TRUE
CE-CON-00427,CE-ACC-00251,Advisor,TRUE
CE-CON-00429,CE-ACC-00252,Grant Reviewer,TRUE
CE-CON-00431,CE-ACC-00253,Volunteer Lead,TRUE
CE-CON-00433,CE-ACC-00254,Board Member,TRUE
CE-CON-00435,CE-ACC-00255,Advisor,TRUE
CE-CON-00437,CE-ACC-00256,Grant Reviewer,TRUE
CE-CON-00439,CE-ACC-00257,Volunteer Lead,TRUE
CE-CON-00441,CE-ACC-00258,Board Member,TRUE
CE-CON-00443,CE-ACC-00259,Advisor,TRUE
CE-CON-00445,CE-ACC-00260,Grant Reviewer,TRUE
CE-CON-00447,CE-ACC-00261,Volunteer Lead,TRUE
CE-CON-00449,CE-ACC-00262,Board Member,TRUE
CE-CON-00451,CE-ACC-00263,Advisor,TRUE
CE-CON-00453,CE-ACC-00264,Grant Reviewer,TRUE
CE-CON-00455,CE-ACC-00265,Volunteer Lead,TRUE
CE-CON-00457,CE-ACC-00266,Board Member,TRUE
CE-CON-00459,CE-ACC-00267,Advisor,TRUE
CE-CON-00461,CE-ACC-00268,Grant Reviewer,TRUE
CE-CON-00463,CE-ACC-00269,Volunteer Lead,TRUE
CE-CON-00465,CE-ACC-00270,Board Member,TRUE
CE-CON-00467,CE-ACC-00271,Advisor,TRUE
CE-CON-00469,CE-ACC-00272,Grant Reviewer,TRUE
CE-CON-00471,CE-ACC-00273,Volunteer Lead,TRUE
CE-CON-00473,CE-ACC-00274,Board Member,TRUE
CE-CON-00475,CE-ACC-00275,Advisor,TRUE
CE-CON-00477,CE-ACC-00276,Grant Reviewer,TRUE
CE-CON-00479,CE-ACC-00277,Volunteer Lead,TRUE
CE-CON-00481,CE-ACC-00278,Board Member,TRUE
CE-CON-00483,CE-ACC-00279,Advisor,TRUE
CE-CON-00485,CE-ACC-00280,Grant Reviewer,TRUE
CE-CON-00487,CE-ACC-00281,Volunteer Lead,TRUE
CE-CON-00489,CE-ACC-00282,Board Member,TRUE
CE-CON-00491,CE-ACC-00283,Advisor,TRUE
CE-CON-00493,CE-ACC-00284,Grant Reviewer,TRUE
CE-CON-00495,CE-ACC-00285,Volunteer Lead,TRUE
CE-CON-00497,CE-ACC-00286,Board Member,TRUE
CE-CON-00499,CE-ACC-00287,Advisor,TRUE
CE-CON-00501,CE-ACC-00288,Grant Reviewer,TRUE
CE-CON-00503,CE-ACC-00289,Volunteer Lead,TRUE
CE-CON-00505,CE-ACC-00290,Board Member,TRUE
CE-CON-00507,CE-ACC-00291,Advisor,TRUE
CE-CON-00509,CE-ACC-00292,Grant Reviewer,TRUE
CE-CON-00511,CE-ACC-00293,Volunteer Lead,TRUE
CE-CON-00513,CE-ACC-00294,Board Member,TRUE
CE-CON-00515,CE-ACC-00295,Advisor,TRUE
CE-CON-00517,CE-ACC-00296,Grant Reviewer,TRUE
CE-CON-00519,CE-ACC-00297,Volunteer Lead,TRUE
CE-CON-00521,CE-ACC-00298,Board Member,TRUE
CE-CON-00523,CE-ACC-00299,Advisor,TRUE
CE-CON-00525,CE-ACC-00300,Grant Reviewer,TRUE
CE-CON-00527,CE-ACC-00001,Volunteer Lead,TRUE
CE-CON-00529,CE-ACC-00002,Board Member,TRUE
CE-CON-00531,CE-ACC-00003,Advisor,TRUE
CE-CON-00533,CE-ACC-00004,Grant Reviewer,TRUE
CE-CON-00535,CE-ACC-00005,Volunteer Lead,TRUE
CE-CON-00537,CE-ACC-00006,Board Member,TRUE
CE-CON-00539,CE-ACC-00007,Advisor,TRUE
CE-CON-00541,CE-ACC-00008,Grant Reviewer,TRUE
CE-CON-00543,CE-ACC-00009,Volunteer Lead,TRUE
CE-CON-00545,CE-ACC-00010,Board Member,TRUE
CE-CON-00547,CE-ACC-00011,Advisor,TRUE
CE-CON-00549,CE-ACC-00012,Grant Reviewer,TRUE
CE-CON-00551,CE-ACC-00013,Volunteer Lead,TRUE
CE-CON-00553,CE-ACC-00014,Board Member,TRUE
CE-CON-00555,CE-ACC-00015,Advisor,TRUE
CE-CON-00557,CE-ACC-00016,Grant Reviewer,TRUE
CE-CON-00559,CE-ACC-00017,Volunteer Lead,TRUE
CE-CON-00561,CE-ACC-00018,Board Member,TRUE
CE-CON-00563,CE-ACC-00019,Advisor,TRUE
CE-CON-00565,CE-ACC-00020,Grant Reviewer,TRUE
CE-CON-00567,CE-ACC-00021,Volunteer Lead,TRUE
CE-CON-00569,CE-ACC-00022,Board Member,TRUE
CE-CON-00571,CE-ACC-00023,Advisor,TRUE
CE-CON-00573,CE-ACC-00024,Grant Reviewer,TRUE
CE-CON-00575,CE-ACC-00025,Volunteer Lead,TRUE
CE-CON-00577,CE-ACC-00026,Board Member,TRUE
CE-CON-00579,CE-ACC-00027,Advisor,TRUE
CE-CON-00581,CE-ACC-00028,Grant Reviewer,TRUE
CE-CON-00583,CE-ACC-00029,Volunteer Lead,TRUE
CE-CON-00585,CE-ACC-00030,Board Member,TRUE
CE-CON-00587,CE-ACC-00031,Advisor,TRUE
CE-CON-00589,CE-ACC-00032,Grant Reviewer,TRUE
CE-CON-00591,CE-ACC-00033,Volunteer Lead,TRUE
CE-CON-00593,CE-ACC-00034,Board Member,TRUE
CE-CON-00595,CE-ACC-00035,Advisor,TRUE
CE-CON-00597,CE-ACC-00036,Grant Reviewer,TRUE
CE-CON-00599,CE-ACC-00037,Volunteer Lead,TRUE
CE-CON-00601,CE-ACC-00038,Board Member,TRUE
CE-CON-00603,CE-ACC-00039,Advisor,TRUE
CE-CON-00605,CE-ACC-00040,Grant Reviewer,TRUE
CE-CON-00607,CE-ACC-00041,Volunteer Lead,TRUE
CE-CON-00609,CE-ACC-00042,Board Member,TRUE
CE-CON-00611,CE-ACC-00043,Advisor,TRUE
CE-CON-00613,CE-ACC-00044,Grant Reviewer,TRUE
CE-CON-00615,CE-ACC-00045,Volunteer Lead,TRUE
CE-CON-00617,CE-ACC-00046,Board Member,TRUE
CE-CON-00619,CE-ACC-00047,Advisor,TRUE
CE-CON-00621,CE-ACC-00048,Grant Reviewer,TRUE
CE-CON-00623,CE-ACC-00049,Volunteer Lead,TRUE
CE-CON-00625,CE-ACC-00050,Board Member,TRUE
CE-CON-00627,CE-ACC-00051,Advisor,TRUE
CE-CON-00629,CE-ACC-00052,Grant Reviewer,TRUE
CE-CON-00631,CE-ACC-00053,Volunteer Lead,TRUE
CE-CON-00633,CE-ACC-00054,Board Member,TRUE
CE-CON-00635,CE-ACC-00055,Advisor,TRUE
CE-CON-00637,CE-ACC-00056,Grant Reviewer,TRUE
CE-CON-00639,CE-ACC-00057,Volunteer Lead,TRUE
CE-CON-00641,CE-ACC-00058,Board Member,TRUE
CE-CON-00643,CE-ACC-00059,Advisor,TRUE
CE-CON-00645,CE-ACC-00060,Grant Reviewer,TRUE
CE-CON-00647,CE-ACC-00061,Volunteer Lead,TRUE
CE-CON-00649,CE-ACC-00062,Board Member,TRUE
CE-CON-00651,CE-ACC-00063,Advisor,TRUE
CE-CON-00653,CE-ACC-00064,Grant Reviewer,TRUE
CE-CON-00655,CE-ACC-00065,Volunteer Lead,TRUE
CE-CON-00657,CE-ACC-00066,Board Member,TRUE
CE-CON-00659,CE-ACC-00067,Advisor,TRUE
CE-CON-00661,CE-ACC-00068,Grant Reviewer,TRUE
CE-CON-00663,CE-ACC-00069,Volunteer Lead,TRUE
CE-CON-00665,CE-ACC-00070,Board Member,TRUE
CE-CON-00667,CE-ACC-00071,Advisor,TRUE
CE-CON-00669,CE-ACC-00072,Grant Reviewer,TRUE
CE-CON-00671,CE-ACC-00073,Volunteer Lead,TRUE
CE-CON-00673,CE-ACC-00074,Board Member,TRUE
CE-CON-00675,CE-ACC-00076,Advisor,TRUE
CE-CON-00677,CE-ACC-00076,Grant Reviewer,TRUE
CE-CON-00679,CE-ACC-00077,Volunteer Lead,TRUE
CE-CON-00681,CE-ACC-00078,Board Member,TRUE
CE-CON-00683,CE-ACC-00079,Advisor,TRUE
CE-CON-00685,CE-ACC-00080,Grant Reviewer,TRUE
CE-CON-00687,CE-ACC-00081,Volunteer Lead,TRUE
CE-CON-00689,CE-ACC-00082,Board Member,TRUE
CE-CON-00691,CE-ACC-00083,Advisor,TRUE
CE-CON-00693,CE-ACC-00084,Grant Reviewer,TRUE
CE-CON-00695,CE-ACC-00085,Volunteer Lead,TRUE
CE-CON-00697,CE-ACC-00086,Board Member,TRUE
CE-CON-00699,CE-ACC-00087,Advisor,TRUE
CE-CON-00701,CE-ACC-00088,Grant Reviewer,TRUE
CE-CON-00703,CE-ACC-00089,Volunteer Lead,TRUE
CE-CON-00705,CE-ACC-00090,Board Member,TRUE
CE-CON-00707,CE-ACC-00091,Advisor,TRUE
CE-CON-00709,CE-ACC-00092,Grant Reviewer,TRUE
CE-CON-00711,CE-ACC-00093,Volunteer Lead,TRUE
CE-CON-00713,CE-ACC-00094,Board Member,TRUE
CE-CON-00715,CE-ACC-00095,Advisor,TRUE
CE-CON-00717,CE-ACC-00096,Grant Reviewer,TRUE
CE-CON-00719,CE-ACC-00097,Volunteer Lead,TRUE
CE-CON-00721,CE-ACC-00098,Board Member,TRUE
CE-CON-00723,CE-ACC-00099,Advisor,TRUE
CE-CON-00725,CE-ACC-00100,Grant Reviewer,TRUE
CE-CON-00727,CE-ACC-00101,Volunteer Lead,TRUE
CE-CON-00729,CE-ACC-00102,Board Member,TRUE
CE-CON-00731,CE-ACC-00103,Advisor,TRUE
CE-CON-00733,CE-ACC-00104,Grant Reviewer,TRUE
CE-CON-00735,CE-ACC-00105,Volunteer Lead,TRUE
CE-CON-00737,CE-ACC-00106,Board Member,TRUE
CE-CON-00739,CE-ACC-00107,Advisor,TRUE
CE-CON-00741,CE-ACC-00108,Grant Reviewer,TRUE
CE-CON-00743,CE-ACC-00109,Volunteer Lead,TRUE
CE-CON-00745,CE-ACC-00110,Board Member,TRUE
CE-CON-00747,CE-ACC-00111,Advisor,TRUE
CE-CON-00749,CE-ACC-00112,Grant Reviewer,TRUE
CE-CON-00751,CE-ACC-00113,Volunteer Lead,TRUE
CE-CON-00753,CE-ACC-00114,Board Member,TRUE
CE-CON-00755,CE-ACC-00115,Advisor,TRUE
CE-CON-00757,CE-ACC-00116,Grant Reviewer,TRUE
CE-CON-00759,CE-ACC-00117,Volunteer Lead,TRUE
CE-CON-00761,CE-ACC-00118,Board Member,TRUE
CE-CON-00763,CE-ACC-00119,Advisor,TRUE
CE-CON-00765,CE-ACC-00120,Grant Reviewer,TRUE
CE-CON-00767,CE-ACC-00121,Volunteer Lead,TRUE
CE-CON-00769,CE-ACC-00122,Board Member,TRUE
CE-CON-00771,CE-ACC-00123,Advisor,TRUE
CE-CON-00773,CE-ACC-00124,Grant Reviewer,TRUE
CE-CON-00775,CE-ACC-00125,Volunteer Lead,TRUE
CE-CON-00777,CE-ACC-00126,Board Member,TRUE
CE-CON-00779,CE-ACC-00127,Advisor,TRUE
CE-CON-00781,CE-ACC-00128,Grant Reviewer,TRUE
CE-CON-00783,CE-ACC-00129,Volunteer Lead,TRUE
CE-CON-00785,CE-ACC-00130,Board Member,TRUE
CE-CON-00787,CE-ACC-00131,Advisor,TRUE
CE-CON-00789,CE-ACC-00132,Grant Reviewer,TRUE
CE-CON-00791,CE-ACC-00133,Volunteer Lead,TRUE
CE-CON-00793,CE-ACC-00134,Board Member,TRUE
CE-CON-00795,CE-ACC-00135,Advisor,TRUE
CE-CON-00797,CE-ACC-00136,Grant Reviewer,TRUE
CE-CON-00799,CE-ACC-00137,Volunteer Lead,TRUE
